insert into users values(10000,'Allen','Evans','1991/04/05',25,'M','Chief Information Officer','Museums and art ','Family and friends are most important to me in life. I''ve learned that money and opportunities come and go, but your friends and family are always there to help you when you need it. ','Sophia1@gmail.com','123456','images/profile_pics/profile1.png');
insert into users values(10001,'Joe','Flores','1991/04/06',25,'M','Chief Technology Officer','Travel/Sightseeing ',' I''m the class clown among my friends. IÕm really good at making people laugh, and like to have a good time.','Emma1@gmail.com','123457','images/profile_pics/profile2.png');
insert into users values(10002,'Lucas','Foster','1991/04/07',25,'M','Vice President of Information Technology','Camping , Dining out ','Im oldfashioned.','Olivia1@gmail.com','123458','images/profile_pics/profile3.png');
insert into users values(10003,'Ava','Garcia','1991/04/08',25,'F','Chief Security Officer','Playing sports , Shopping/Antiques , ','I like shopping!','Ava1@gmail.com','123459','images/profile_pics/profile4.png');
insert into users values(10004,'Isabella','Gonzales','1991/04/09',25,'F','Consulting Director','Playing sports ','Athletic and outgoing','Isabella1@gmail.com','123460','images/profile_pics/profile5.png');
insert into users values(10005,'Mike','Gonzalez','1991/04/10',25,'M','Information Systems Security Manager','Volunteering , Wine tasting','Im more of a shy person','Mia1@gmail.com','123461','images/profile_pics/profile6.png');
insert into users values(10006,'Zoe','Gray','1991/04/11',25,'F','Practice Manager, Systems Integration','Book club , Camping ','Fahion is very important to me!','Zoe1@gmail.com','123462','images/profile_pics/profile7.png');
insert into users values(10007,'Lily','Green','1991/04/12',25,'F','Data Warehouse Manager','Performing arts , Religion/Spiritual ','You will like me more after you  get to know me.','Lily1@gmail.com','123463','images/profile_pics/profile8.png');
insert into users values(10008,'Emily','Griffin','1991/04/13',25,'F','Information Technology Manager','Camping , Coffee and conversation','Im adaptable and enthusiastic','Emily1@gmail.com','123464','images/profile_pics/profile9.png');
insert into users values(10009,'Madelyn','Hall','1991/04/14',25,'F','Web Search Evaluator','Reading','Im adventurous and exuberant','Madelyn1@gmail.com','123465','images/profile_pics/profile10.png');
insert into users values(10010,'Madison','Harris','1991/04/15',25,'F','Culinary Consultant','Watching TV','Im affable and fair-minded','Madison1@gmail.com','123466','images/profile_pics/profile11.png');
insert into users values(10011,'Chuck','Hayes','1991/04/16',25,'M','Customer Service Representative','Family Time','Im affectionate and faithful','Chloe1@gmail.com','123467','images/profile_pics/profile12.png');
insert into users values(10012,'Charlotte','Henderson','1991/04/17',25,'M','Tech Support Agent','Going to Movies','Im agreeable and fearless','Charlotte1@gmail.com','123468','images/profile_pics/profile13.png');
insert into users values(10013,'Aubrey','Hernandez','1991/04/18',25,'M','Virtual Assistant','Fishing','Im ambitious and forceful','Aubrey1@gmail.com','123469','images/profile_pics/profile14.png');
insert into users values(10014,'Avery','Hill','1991/04/19',25,'F','Tutor','Computer','Im amiable and frank','Avery1@gmail.com','123470','images/profile_pics/profile15.png');
insert into users values(10015,'Abigail','Alexander','1991/04/20',25,'M','Medical Transcriptionist','Gardening','Im amicable and friendly','Abigail1@gmail.com','123471','images/profile_pics/profile16.png');
insert into users values(10016,'Kaylee','Allen','1991/04/21',25,'F','Proofreader','Renting Movies','Im amusing and funny','Kaylee1@gmail.com','123472','images/profile_pics/profile17.png');
insert into users values(10017,'Larry','Anderson','1991/04/22',25,'M','Concierge','Walking','Im brave and generous','Layla1@gmail.com','123473','images/profile_pics/profile18.png');
insert into users values(10018,'Harper','Bailey','1991/04/23',25,'F','Singers','Exercise','Im bright and gentle','Harper1@gmail.com','123474','images/profile_pics/profile19.png');
insert into users values(10019,'Ella','Baker','1991/04/24',25,'F','Municipal Firefighters','Listening to Music','Im broad-minded and good','Ella1@gmail.com','123475','images/profile_pics/profile20.png');
insert into users values(10020,'Amelia','Barnes','1991/04/25',25,'F','Aircraft Assemblers - Structure, Surfaces, Rigging, and Systems','Entertaining','Im calm and gregarious','Amelia1@gmail.com','123476','images/profile_pics/profile21.png');
insert into users values(10021,'Arianna','Bell','1991/04/26',25,'F','General Pediatricians','Hunting','Im careful and hard-working','Arianna1@gmail.com','123477','images/profile_pics/profile22.png');
insert into users values(10022,'Ray','Bennett','1991/04/27',25,'M','College Professors - Communications','Team Sports','Im charming and helpful','Riley1@gmail.com','123478','images/profile_pics/profile23.png');
insert into users values(10023,'Arron','Brooks','1991/04/28',25,'M','Educational, Vocational, and School Counselors','Shopping','Im communicative and honest','Aria1@gmail.com','123479','images/profile_pics/profile24.png');
insert into users values(10024,'Hailey','Brown','1991/04/19',25,'F','Managers/Supervisors of Animal Husbandry and Animal Care Workers','Traveling','Im compassionate  and humorous','Hailey1@gmail.com','123480','images/profile_pics/profile25.png');
insert into users values(10025,'Hank','Bryant','1991/04/10',25,'M','Criminal Investigators and Special Agents','Sleeping','Im conscientious and imaginative','Hannah1@gmail.com','123481','images/profile_pics/profile26.png');
insert into users values(10026,'Allan','Butler','1991/04/21',25,'M','College Instructors','Socializing','Im considerate and impartial','Aaliyah1@gmail.com','123482','images/profile_pics/profile27.png');
insert into users values(10027,'Eric','Campbell','1991/04/12',25,'M','Therapists','Sewing','Im convivial and independent','Evelyn1@gmail.com','123483','images/profile_pics/profile28.png');
insert into users values(10028,'Addison','Carter','1991/04/13',25,'F','Pharmacist','Golf','Im courageous and intellectual','Addison1@gmail.com','123484','images/profile_pics/profile29.png');
insert into users values(10029,'Mackenzie','Clark','1991/04/14',25,'F','Lawyer','Church Activities','Im courteous and intelligent','Mackenzie1@gmail.com','123485','images/profile_pics/profile30.png');
insert into users values(10030,'Adalyn','Coleman','1991/04/15',25,'F','Computer and Information Systems Manager','Relaxing','Im creative and intuitive','Adalyn1@gmail.com','123486','images/profile_pics/profile31.png');
insert into users values(10031,'Ellie','Collins','1991/04/16',25,'M','Physicians and Surgeon','Playing Music','Im decisive and inventive','Ellie1@gmail.com','123487','images/profile_pics/profile32.png');
insert into users values(10032,'Brooklyn','Cook','1991/04/17',25,'F','Chief Executive','Housework','Im determined and kind','Brooklyn1@gmail.com','123488','images/profile_pics/profile33.png');
insert into users values(10033,'Nora','Cooper','1991/04/28',25,'F','Nurse Practitioner','Crafts','Im diligent and loving','Nora1@gmail.com','123489','images/profile_pics/profile34.png');
insert into users values(10034,'Scarlett','Perez','1991/04/29',25,'F','Software Developer','Watching Sports','Im diplomatic and loyal','Scarlett1@gmail.com','123490','images/profile_pics/profile35.png');
insert into users values(10035,'Gary','Perry','1991/04/20',25,'M','Operations Research Analyst','Bicycling','Im discreet and modest','Grace1@gmail.com','123491','images/profile_pics/profile36.png');
insert into users values(10036,'Anna','Peterson','1991/04/21',25,'F','Human Resource Manager','Playing Cards','Im dynamic and neat','Anna1@gmail.com','123492','images/profile_pics/profile37.png');
insert into users values(10037,'Isabelle','Phillips','1991/04/22',25,'F','Psychologist','Hiking','Im easygoing and nice','Isabelle1@gmail.com','123493','images/profile_pics/profile38.png');
insert into users values(10038,'Natalie','Powell','1991/04/23',25,'F','Commercial Airline Pilot','Cooking','Im emotional and optimistic','Natalie1@gmail.com','123494','images/profile_pics/profile39.png');

insert into events values(2134567,10000,'2016/04/01','34 Mason St','SF','CA','94102','images/content/food1.png','BEER','Brewery touring and beverage sampling Beer Socials Private tastings Beer festivals And much more','The San Francisco Bay Area is host to many of the best and most unique beer producers in the country. Some are considered mirco-breweries, only producing enough fermented beverage for their customers, while others produce for an international audience.Beer Socials is dedicated to a wide variety of beer tasting activities including; Brewery touring and beverage sampling Beer Socials Private tastings Beer festivals And much more','food','MyTreat','#beer');
insert into events values(2134577,10001,'2016/04/02','302 6th Ave','SF','CA','94118','images/content/food2.png','Whiskey','An evening of Scotch and Whiskey drinking usually goes hand in hand with good conversation in relaxed company. I look forward to a comfortable and vibrant group.','Scotch and Whiskey drinkers of the Bay Area Unite! If you are a connoisseur of Scotch and Whiskey Ð an enthusiast, if you are working diligently to acquire the taste, if you have simply enjoyed what you have tried so far and are looking to try something new, this may be the group for you. LetÕs get together once a month to share our favorites at someoneÕs home, to head out to one of San FranciscoÕs well stocked watering holes, or to descend en masse on one of the larger tasting events. An evening of Scotch and Whiskey drinking usually goes hand in hand with good conversation in relaxed company. I look forward to a comfortable and vibrant group.','food','Split','#Whiskey');
insert into events values(2134587,10002,'2016/04/03','5115 Wilshire Blvd','LA','CA','90036','images/content/food3.png','Korean BBQ','Let''s take advantage of Koreatown and try some new Barbecue joints! We try other types of Korean restaurants, but KBBQ is our main focus','Let''s take advantage of Koreatown and try some new Barbecue joints! We try other types of Korean restaurants, but KBBQ is our main focus.','food','MyTreat','#Korean#BBQ');
insert into events values(2134597,10003,'2016/04/04','1266 Broadway Brooklyn','NY','NY','11221','images/content/food4.png','Chinese Food','Sichuan restaurants are winning over New York City. Let''s explore them together, family-style. If you can take the heat, join us!','From Midtown''s Sichuan Belt to the Chinatowns of Queens and Brooklyn and neighborhoods in between, Sichuan restaurants are winning over New York City. Let''s explore them together, family-style. If you can take the heat, join us!','food','Split','#Chinese food#Sichuan');
insert into events values(2134607,10004,'2016/04/05','8314 Northfield Blvd','Denver','CO', '80238','images/content/food5.png','Italian Food','We are a group that loves Italian...food, fun and SPICY MEATBALLS!','We are a group that loves Italian...food, fun and SPICY MEATBALLS! We try to get to all the different parts of the metro area, so hopefully we will go to some restaurants near you. Suggestions for places to go are always welcomed. My policy is for one free no-show, and after a second, I will remove you from the group, as it is not fair to those on the wait list or to the restaurant when people do not attend. Hope to see you soon. Thank you for joining!','food','MyTreat','#Italian');
insert into events values(2134617,10005,'2016/04/06','411 Valencia St','SF','CA','94103','images/content/food6.png','Tea Party','Tea is the second most popular beverage in the world, behind water, and yet, thereÕs a quite a bit of mystique behind this amber liquid. Where does it come from? WhatÕs roasted tea and how does roasting change its flavors?','Tea is the second most popular beverage in the world, behind water, and yet, thereÕs a quite a bit of mystique behind this amber liquid. Where does it come from? WhatÕs roasted tea and how does roasting change its flavors? WhatÕs up with the insane prices of aged tea? Those are questions that I was asking, and am still asking, when I first got into specialty tea.','food','Split','#Tea');
insert into events values(2134627,10006,'2016/04/07','2293 Mission St','SF','CA','94110','images/content/food7.png','Are u Vegan?','Try out the best vegan and vegetarian eats, cooked up by some of the Bay AreaÕs hottest chefs.','Vegans, vegetarians, and the veg-curiousÑjoin our Meetup to discover San FranciscoÕs trending pop-up and social dining scene. WeÕre a group of friendly herbivores gathering to try out the best vegan and vegetarian eats, cooked up by some of the Bay AreaÕs hottest chefs.','food','MyTreat','#Vegan');
insert into events values(2134637,10007,'2016/04/08','1111 E Pike St','Seattle','WA','98122','images/content/food8.png','Coffee and Cake','Let us live a long time by enjoying health and friendship of others. What better way than meeting for coffee and cupcakes. ','Let us live a long time by enjoying health and friendship of others. What better way than meeting for coffee and cupcakes. This is a great way to network. For those who are in a work environment or those trying to re-enter the work-place for a paying or volunteer job, this is the group to join. It would be cool to enjoy the sweet and creamy cupcake and talk about everything!','food','Split','#Coffee#Cake');
insert into events values(2134647,10008,'2016/04/09','10123 N Wolfe Rd','Cupertino','CA','95014','images/content/enter1.png','Gunfu Panda','When Po''s long-lost panda father suddenly reappears, the reunited duo travels to a secret panda paradise.','In 2016, one of the most successful animated franchises in the world returns with its biggest comedy adventure yet, KUNG FU PANDA 3. When Po''s long-lost panda father suddenly reappears, the reunited duo travels to a secret panda paradise.','enter','MyTreat','#movie');
insert into events values(2134657,10009,'2016/04/10','10124 N Wolfe Rd','Cupertino','CA','95014','images/content/enter2.png','The Jungle Book','The Jungle Book is an all-new live-action epic adventure about Mowgli (newcomer Neel Sethi), a man-cub raised in the jungle by a family of wolves, who embarks on a captivating journey of self-discovery.','The Jungle Book is an all-new live-action epic adventure about Mowgli (newcomer Neel Sethi), a man-cub raised in the jungle by a family of wolves, who embarks on a captivating journey of self-discovery.','enter','Split','#movie');
insert into events values(2134677,10011,'2016/04/12','4900 Marie P. DeBartolo Way','Santa Clara','CA','95054','images/content/enter4.png','Beyonce','I am a really big BeyoncŽ fan and was really pumped up to see her Ð I''d been waiting for years for the chance. ','I am a really big BeyoncŽ fan and was really pumped up to see her Ð I''d been waiting for years for the chance. ','enter','Split','#music');
insert into events values(2134687,10012,'2016/04/13','909 Kiely Blvd','Santa Clara','CA','95051','images/content/enter5.png','Dog!','Dog Lovers,There are a lot of Huskies out there that need interaction and I would like to help them meet up.','For lovers and companions of Siberian Huskies (and mixes)! Socializing, husky interaction and trainingÊare the primary focusÊof this SF Bay AreaÊgroup.Ê I would like to do meet-ups throughout the Bay Area.Ê There are a lot of Huskies out there that need interaction and I would like to help them meet up.','enter','MyTreat','#dog');
insert into events values(2134697,10013,'2016/04/14','Yosemite National Park','','CA','95389','images/content/outdoor1.png','Hiking','Friendly, able to hike 10-15 miles a day, appreciate being in the outdoors exploring vistas, waterfalls, canyons, botany, and wildlife.','Friendly, able to hike 10-15 miles a day, appreciate being in the outdoors exploring vistas, waterfalls, canyons, botany, and wildlife. Hikes will be loop trails within a 200 mile radius of the Bay Area with the majority being in and as close to the San Francisco Bay Area.','outdoor','Split','#hiking');
insert into events values(2134707,10014,'2016/04/15','1399 Fremont St','Santa Clara','CA','95050','images/content/outdoor2.png','Love sports','Discuss the sport, leagues, etc. Play the game!','Knowledge of long distance hiking practices, ability to adapt to nature elements such as weather, mud, etc and first aid training are all a plus but not a necessity. a 211 mile backpacking trip along the JohnMuir Trail from Yosemite to Mount Whitney would be our summer Super Bowl','outdoor','MyTreat','#hiking');
insert into events values(2134717,10015,'2016/04/16','1399 Fremont St','Santa Clara','CA','95050','images/content/outdoor3.png','Play basketball','lots of pure, unadulterated fun! Now let''s go run','Meet other local Basketball fans and players. Whether youre a fan of Professional Teams, College Teams, Recreational Teams or just love a pick up game, join a Meetup Group near you and discuss the sport, leagues, etc. Play the game!How about we just run ? If you take joy in running any distance, then this might be a good group for you. We meetup at least once a week to run various distances. We are a diverse group of runners of different fitness levels. If youve never run before, youre also welcome to join one of our weekly runs to experience what youve been missing out on lots of pure, unadulterated fun! Now lets go run','outdoor','Split','#basketball');
insert into events values(2134727,10016,'2016/04/17','843 Gilman St','Berkeley','CA','94710','images/content/outdoor4.png','Ski','Calling all skiers and snowboarders in the San Francisco Bay Area! Are you ready to hit the slopes for some skiing or snowboarding?!?!','Calling all skiers and snowboarders in the San Francisco Bay Area! Are you ready to hit the slopes for some skiing or snowboarding?!?! Ill then, check out our calendar of upcoming events and RSVP! I will be providing many social opportunities as Ill as events, day trips, cabins, etc... I are a fun and friendly group. Join us! ','outdoor','MyTreat','#ski');
insert into events values(2134737,10017,'2016/04/18','886 Cannery Row','Monterey','CA','93940','images/content/outdoor5.png','Beautiful sea','Immerse yourself with the beauty of the sea!!','Immerse yourself with the beauty of the sea!!Monterey bays is filled with unique ecosystems waiting to be explored, harboring a spectacular array of plants and animals. Discover a sense of wonder as you glide through a towering forest of giant kelp. Experience the thrill of spotting a nurse shark lying beneath a ledge of colorful corals.','outdoor','Split','#sea');
insert into events values(2134747,10018,'2016/04/19','29 La Playa St','Monterey' ,'CA','93940','images/content/dating1.png','Beaches','If you love beaches like I do, come! We can play volleyball or simply relax and people watch.','Theres something magical about the Monterey Bay, whether youre strolling the beach with your kids or soulmate or just watching the sun set over the water. Monterey County offers 99 miles of beautiful beaches across the pacific coastline, many of which are home to some of the best surf breaks along the West Coast. Moderate ocean temperatures and year-around sunshine make a day at the beach more enjoyable. Discover beaches perfect for any occasion, whether for a dog walk, a volleyball play or to simply relax and people watc','dating','MyTreat','#beach');
insert into events values(2134757,10019,'2016/04/20','815 Cole St','SF','CA','94117','images/content/dating2.png','Ice cream','This Ice Cream is My datey! Looking for ice cream LOVERS!','One of My favorite bar andrestaurant mashups combines a 1930s ice cream parlor think handmade malts, ice cream, shakes,upscale diner treats with craft cocktails modern flavors, making this the perfect place to woo your chosen one Jimmy Stewartstyle. Boozy malts and milkshakes change with the season and theyÕve got sexy booze desserts on the menu, like the This Drink Is My Datey Allagash Curieux bourbon-barrel aged ale over butterscotch, milk chocolate, and banana puddinÕ ice creams, with caramelized banana, whipped cream, and a cherry,or the Pink Violet, a sweet vanilla and violetflavored soda that changes color from blue to pink itÕs being made.','dating','Split','#ice cream');
insert into events values(2134767,10020,'2016/04/21','886 Cannery Row','Monterey','CA','93940','images/content/dating3.png','Open sea','Do you enjoy tuna and sharks speed past, sardines swarm in huge, glittering schools, and sea turtles swim lazily across the 90-foot window Come to the best aquarium of the bay area','Out to sea and on the goÑlifes in constant motion in the open ocean. The Monterey Aquarium is a place where tuna and sharks speed past, sardines swarm in huge, glittering schools, and sea turtles swim lazily across the 90-foot window. Nearby, colorful puffins await their next meal, and brilliant jellies pulse through the water.','dating','MyTreat','#sea');
insert into events values(2134777,10021,'2016/04/22','1626 N Cahuenga Blvd','LA','CA','90028','images/content/dating4.png','dancing','Calling all jitterbugs, westies, greasers, molls, jive dancers, lindy-hoppers, hepcats,and those who are ready to stop being wall flowers and join in the fun!','Calling all jitterbugs, westies, greasers, molls, jive dancers, lindy-hoppers, hepcats, and those who are ready to stop being wall flowers and join in the fun!','dating','Split','#dance');



insert into applications values(10003,2134567);
insert into applications values(10004,2134577);
insert into applications values(10005,2134587);
insert into applications values(10006,2134597);
insert into applications values(10007,2134607);
insert into applications values(10008,2134617);
insert into applications values(10009,2134627);
insert into applications values(10010,2134637);
insert into applications values(10011,2134647);
insert into applications values(10012,2134657);
insert into applications values(10020,2134677);
insert into applications values(10021,2134677);
insert into applications values(10022,2134687);
insert into applications values(10023,2134697);
insert into applications values(10024,2134707);
insert into applications values(10025,2134717);
insert into applications values(10026,2134727);
insert into applications values(10027,2134737);
insert into applications values(10028,2134747);
insert into applications values(10029,2134757);
insert into applications values(10030,2134767);
insert into applications values(10031,2134777);
insert into applications values(10032,2134677);
insert into applications values(10033,2134677);
insert into applications values(10034,2134687);
insert into applications values(10035,2134697);
insert into applications values(10036,2134707);
insert into applications values(10037,2134717);
insert into applications values(10038,2134727);




insert into participants values(10031,2134567);
insert into participants values(10031,2134567);
insert into participants values(10030,2134567);
insert into participants values(10030,2134567);
insert into participants values(10029,2134567);
insert into participants values(10029,2134577);
insert into participants values(10028,2134577);
insert into participants values(10028,2134577);
insert into participants values(10027,2134577);
insert into participants values(10026,2134577);
insert into participants values(10026,2134577);
insert into participants values(10025,2134577);
insert into participants values(10025,2134577);
insert into participants values(10024,2134587);
insert into participants values(10024,2134597);
insert into participants values(10023,2134607);
insert into participants values(10022,2134617);
insert into participants values(10021,2134627);
insert into participants values(10021,2134627);
insert into participants values(10021,2134627);
insert into participants values(10019,2134627);
insert into participants values(10018,2134627);
insert into participants values(10017,2134637);
insert into participants values(10017,2134647);
insert into participants values(10017,2134657);
insert into participants values(10016,2134657);
insert into participants values(10015,2134657);
insert into participants values(10015,2134677);
insert into participants values(10014,2134687);
insert into participants values(10014,2134697);
insert into participants values(10013,2134707);
insert into participants values(10013,2134717);
insert into participants values(10012,2134727);
insert into participants values(10012,2134737);
insert into participants values(10011,2134747);
insert into participants values(10011,2134757);
insert into participants values(10010,2134767);
insert into participants values(10010,2134777);

